protein_id,epitope_id,AA_position,AA_window,class
P06821.1,14686,6,MMMSLLTEVETPIRN,1
P06821.1,14686,7,MMSLLTEVETPIRNE,1
P06821.1,14686,8,MSLLTEVETPIRNEW,1
P06821.1,14686,9,SLLTEVETPIRNEWG,1
P06821.1,14686,10,LLTEVETPIRNEWGC,1
P06821.1,14686,11,LTEVETPIRNEWGCR,1
P06821.1,14686,12,TEVETPIRNEWGCRC,1
P06821.1,14686,13,EVETPIRNEWGCRCN,1
P14013.1,14869,131,EKFNEKGEVSEKIIT,1
P14013.1,14869,132,KFNEKGEVSEKIITR,1
P14013.1,14869,133,FNEKGEVSEKIITRA,1
P14013.1,14869,134,NEKGEVSEKIITRAD,1
P14013.1,14869,135,EKGEVSEKIITRADG,1
P14013.1,14869,136,KGEVSEKIITRADGT,1
P14013.1,14869,137,GEVSEKIITRADGTR,1
P14013.1,68584,236,SKKTKDLVFTKENTI,1
P14013.1,68584,237,KKTKDLVFTKENTIT,1
P14013.1,68584,238,KTKDLVFTKENTITV,1
P14013.1,68584,239,TKDLVFTKENTITVQ,1
P14013.1,68584,240,KDLVFTKENTITVQQ,1
P14013.1,68584,241,DLVFTKENTITVQQY,1
P14013.1,68584,242,LVFTKENTITVQQYD,1
P14013.1,68584,243,VFTKENTITVQQYDS,1
CAA32579.1,2179,158,KSDGSGKAKEVLKGY,1
CAA32579.1,2179,159,SDGSGKAKEVLKGYV,1
CAA32579.1,2179,160,DGSGKAKEVLKGYVL,1
CAA32579.1,2179,161,GSGKAKEVLKGYVLE,1
CAA32579.1,2179,162,SGKAKEVLKGYVLEG,1
CAA32579.1,2179,163,GKAKEVLKGYVLEGT,1
CAA32579.1,2179,164,KAKEVLKGYVLEGTL,1
CAA32579.1,2179,165,AKEVLKGYVLEGTLT,1
P14916.2,26075,195,DIGGNRRIFGFNALV,1
P14916.2,26075,196,IGGNRRIFGFNALVD,1
P14916.2,26075,197,GGNRRIFGFNALVDR,1
P14916.2,26075,198,GNRRIFGFNALVDRQ,1
P14916.2,26075,199,NRRIFGFNALVDRQA,1
P14916.2,26075,200,RRIFGFNALVDRQAD,1
P14916.2,26075,201,RIFGFNALVDRQADN,1
P14916.2,26075,202,IFGFNALVDRQADNE,1
P14916.2,26075,203,FGFNALVDRQADNES,1
P14916.2,26075,204,GFNALVDRQADNESK,1
30173397,61517,607,DVNCTDVSTAIHADQ,1
30173397,61517,608,VNCTDVSTAIHADQL,1
30173397,61517,609,NCTDVSTAIHADQLT,1
30173397,61517,610,CTDVSTAIHADQLTP,1
30173397,61517,611,TDVSTAIHADQLTPA,1
30173397,61517,612,DVSTAIHADQLTPAW,1
30173397,61517,613,VSTAIHADQLTPAWR,1
30173397,61517,614,STAIHADQLTPAWRI,1
30173397,61517,615,TAIHADQLTPAWRIY,1
30173397,61517,616,AIHADQLTPAWRIYS,1
30173397,61517,617,IHADQLTPAWRIYST,1
30173397,61517,618,HADQLTPAWRIYSTG,1
30173397,61517,619,ADQLTPAWRIYSTGN,1
30173397,61517,620,DQLTPAWRIYSTGNN,1
30173397,61517,621,QLTPAWRIYSTGNNV,1
30173397,61517,622,LTPAWRIYSTGNNVF,1
30173397,61517,623,TPAWRIYSTGNNVFQ,1
30173397,61517,624,PAWRIYSTGNNVFQT,1
30173397,61517,625,AWRIYSTGNNVFQTQ,1
30173397,61517,626,WRIYSTGNNVFQTQA,1
30173397,61517,627,RIYSTGNNVFQTQAG,1
229595253,17524,548,SSKRFQPFQQFGRDV,1
229595253,17524,549,SKRFQPFQQFGRDVS,1
229595253,17524,550,KRFQPFQQFGRDVSD,1
229595253,17524,551,RFQPFQQFGRDVSDF,1
229595253,17524,552,FQPFQQFGRDVSDFT,1
229595253,17524,553,QPFQQFGRDVSDFTD,1
229595253,17524,554,PFQQFGRDVSDFTDS,1
229595253,17524,555,FQQFGRDVSDFTDSV,1
229595253,17524,556,QQFGRDVSDFTDSVR,1
229595253,17524,557,QFGRDVSDFTDSVRD,1
229595253,17524,558,FGRDVSDFTDSVRDP,1
229595253,17524,559,GRDVSDFTDSVRDPK,1
229595253,17524,560,RDVSDFTDSVRDPKT,1
229595253,17524,561,DVSDFTDSVRDPKTS,1
229595253,17524,562,VSDFTDSVRDPKTSE,1
229595253,17524,563,SDFTDSVRDPKTSEI,1
229595253,17524,564,DFTDSVRDPKTSEIL,1
229595253,17524,565,FTDSVRDPKTSEILD,1
229595253,17524,566,TDSVRDPKTSEILDI,1
229595253,17524,567,DSVRDPKTSEILDIS,1
